{"test/DSC": 0.5628185272216797, "_timestamp": 1709025282.1199422, "test/DSC_v": 0.471102237701416, "test/IRF": 0.56912761926651, "test/SRF": 0.5602497458457947, "test/PED": 0.5590781569480896, "loss/train_loss": -1.2142632007598877, "loss/val_loss": -1.0686562061309814, "_runtime": 1148.4671041965485, "_step": 4}