{"dsc/my_score": 0.934724045036955, "_timestamp": 1693894355.3864658, "_runtime": 3.5020906925201416, "dsc/unet_score": 0.9310968819599108, "dsc/unetplus_score": 0.9342350424401352, "dsc/ege_score": 0.9294203572139964, "_step": 649, "_wandb": {"runtime": 3}}