{"dsc/dif_1": 0.0036271630770442487, "_timestamp": 1693894604.134332, "_runtime": 2.6503100395202637, "dsc/dif_2": 0.0004890025968198319, "dsc/dif_3": 0.005303687822958647, "_step": 649, "_wandb": {"runtime": 2}}