{"test/DSC": 0.5502000451087952, "_timestamp": 1708976538.9477932, "test/DSC_v": 0.44229641556739807, "test/IRF": 0.5113001465797424, "test/SRF": 0.561499834060669, "test/PED": 0.5778001546859741, "loss/train_loss": -1.091683268547058, "loss/val_loss": -1.0460869073867798, "_runtime": 1207.4453692436218, "_step": 9}